{
  "comparison_date": "2025-10-20T14:30:53.035442",
  "models_compared": [
    "ALS",
    "Two-Tower"
  ],
  "metrics": [
    {
      "Model": "ALS",
      "Split": "validation",
      "NDCG@5": 0.0065727960114726,
      "NDCG@10": 0.0100793849367381,
      "NDCG@20": 0.0141243144520842,
      "Precision@5": 0.00716,
      "Precision@10": 0.01194,
      "Precision@20": 0.0166699999999999,
      "Recall@5": 0.0009143244900433,
      "Recall@10": 0.00321057108498,
      "Recall@20": 0.0089249180082975,
      "MAP": 0.0094149879597897,
      "MRR@10": 0.023096746031746,
      "MRR@20": 0.032848147880671
    },
    {
      "Model": "ALS",
      "Split": "test",
      "NDCG@5": 0.0056243027491648,
      "NDCG@10": 0.0085144830393334,
      "NDCG@20": 0.0106958354696509,
      "Precision@5": 0.0062,
      "Precision@10": 0.01008,
      "Precision@20": 0.01238,
      "Recall@5": 0.0007752028960985,
      "Recall@10": 0.0026222497763046,
      "Recall@20": 0.0064130844715768,
      "MAP": 0.0076308582154303,
      "MRR@10": 0.0194912698412698,
      "MRR@20": 0.0265911054580094
    },
    {
      "Model": "Two-Tower",
      "Split": "validation",
      "NDCG@5": 0.03628344265791322,
      "NDCG@10": 0.0524208917573841,
      "NDCG@20": 0.0744346548637402,
      "Precision@5": 0.010720000000000002,
      "Precision@10": 0.010920000000000001,
      "Precision@20": 0.011210000000000001,
      "Recall@5": 0.0013181741533802417,
      "Recall@10": 0.0026709835255028344,
      "Recall@20": 0.005436883659719402,
      "MAP": 0.00538036412400388,
      "MRR@10": 0.03042968253968254,
      "MRR@20": 0.03674327922163835
    },
    {
      "Model": "Two-Tower",
      "Split": "test",
      "NDCG@5": 0.027881231108453034,
      "NDCG@10": 0.03964088203919385,
      "NDCG@20": 0.05697796372240198,
      "Precision@5": 0.00836,
      "Precision@10": 0.008440000000000001,
      "Precision@20": 0.00852,
      "Recall@5": 0.0009402298908715716,
      "Recall@10": 0.001916645383612711,
      "Recall@20": 0.003925316973659419,
      "MAP": 0.004809995476093559,
      "MRR@10": 0.02287968253968254,
      "MRR@20": 0.027601021127135677
    }
  ],
  "recommended_model": "Two-Tower",
  "model_details": {
    "ALS": {
      "type": "Collaborative Filtering (Matrix Factorization)",
      "hyperparameters": {
        "factors": 128,
        "regularization": 0.05,
        "iterations": 30,
        "alpha": 40
      },
      "model_loaded": true,
      "metrics_available": [
        "NDCG@5",
        "NDCG@10",
        "NDCG@20",
        "Precision@5",
        "Precision@10",
        "Precision@20",
        "Recall@5",
        "Recall@10",
        "Recall@20",
        "MAP",
        "MRR@10",
        "MRR@20"
      ]
    },
    "Two-Tower": {
      "type": "Neural Network (Deep Learning)",
      "model_loaded": true,
      "model_path": "/content/drive/MyDrive/RecipeML/models/two_tower/two_tower_model.pth",
      "metrics_available": [
        "NDCG@5",
        "NDCG@10",
        "NDCG@20",
        "Precision@5",
        "Precision@10",
        "Precision@20",
        "Recall@5",
        "Recall@10",
        "Recall@20",
        "MAP",
        "MRR@10",
        "MRR@20"
      ]
    }
  }
}